{"cameraMode":{"drawMode":0,"name":"Shaded","section":"Shading Mode"},"sceneLighting":false,"audioPlay":false,"sceneViewState":{"showFog":true,"showMaterialUpdate":false,"showSkybox":true,"showFlares":true,"showImageEffects":true,"showParticleSystems":true},"in2DMode":false,"pivot":{"x":-2.8829550743103029,"y":-0.2874411344528198,"z":6.104377746582031},"rotation":{"x":-0.3213655352592468,"y":-0.597632110118866,"z":0.283407986164093,"w":-0.6776725649833679},"size":15.573799133300782,"orthographic":false}